open_time,open_token0,current_time,current_token0,token0_value_5s,token0_value_10s,token0_value_30s,token0_value_60s,token0_value_120s,token0_value_300s,token0_value_600s,token0_value_1200s,token0_value_1800s,token0_value_3600s,inflow_5s,outflow_5s,inflow_10s,outflow_10s,inflow_30s,outflow_30s,inflow_60s,outflow_60s,inflow_120s,outflow_120s,inflow_300s,outflow_300s,inflow_600s,outflow_600s,inflow_1200s,outflow_1200s,inflow_1800s,outflow_1800s,inflow_3600s,outflow_3600s,negative_holdings,num_addresses,max_address_holding,top_5_address_holding,top_10_address_holding,holding_entropy
2024-06-09 23:23:41,12000000000,2024-06-09 23:23:41,25000000000,25000000000,25000000000,25000000000,25000000000,25000000000,25000000000,25000000000,25000000000,25000000000,25000000000,13000000000,0,13000000000,0,13000000000,0,13000000000,0,13000000000,0,13000000000,0,13000000000,0,13000000000,0,13000000000,0,13000000000,0,0,1,1.0,1.0,1.0,0.0
2024-06-09 23:23:41,12000000000,2024-06-09 23:23:42,25000200000,25000200000,25000200000,25000200000,25000200000,25000200000,25000200000,25000200000,25000200000,25000200000,25000200000,13000200000,0,13000200000,0,13000200000,0,13000200000,0,13000200000,0,13000200000,0,13000200000,0,13000200000,0,13000200000,0,13000200000,0,0,2,0.9999846156212981,1.0,1.0,0.00018587637484262216
2024-06-09 23:23:41,12000000000,2024-06-09 23:23:43,25000300000,25000300000,25000300000,25000300000,25000300000,25000300000,25000300000,25000300000,25000300000,25000300000,25000300000,13349400000,0,13349400000,0,13349400000,0,13349400000,0,13349400000,0,13349400000,0,13349400000,0,13349400000,0,13349400000,0,13349400000,0,0,6,0.9738265390204803,0.9999925090266228,0.9999999999999999,0.13204828355006037
2024-06-09 23:23:41,12000000000,2024-06-09 23:23:44,25349900000,25349900000,25349900000,25349900000,25349900000,25349900000,25349900000,25349900000,25349900000,25349900000,25349900000,13351300000,-49933864,13351300000,-49933864,13351300000,-49933864,13351300000,-49933864,13351300000,-49933864,13351300000,-49933864,13351300000,-49933864,13351300000,-49933864,13351300000,-49933864,13351300000,-49933864,-49933864,12,0.9736879554799908,0.9999400807412012,0.9999850201853004,0.13361857122695212
2024-06-09 23:23:41,12000000000,2024-06-09 23:23:45,25301466136,25301466136,25301466136,25301466136,25301466136,25301466136,25301466136,25301466136,25301466136,25301466136,25301466136,13352000000,-49933864,13352000000,-49933864,13352000000,-49933864,13352000000,-49933864,13352000000,-49933864,13352000000,-49933864,13352000000,-49933864,13352000000,-49933864,13352000000,-49933864,13352000000,-49933864,-49933864,15,0.9736369083283404,0.9998876572798083,0.9999625524266027,0.13423336196003657
2024-06-09 23:23:41,12000000000,2024-06-09 23:23:46,25302166136,25000000000,25302166136,25302166136,25302166136,25302166136,25302166136,25302166136,25302166136,25302166136,25302166136,13353000000,-49933864,13353000000,-49933864,13353000000,-49933864,13353000000,-49933864,13353000000,-49933864,13353000000,-49933864,13353000000,-49933864,13353000000,-49933864,13353000000,-49933864,13353000000,-49933864,-49933864,20,0.9735639931101625,0.9998127761551711,0.9999251104620684,0.1351114015204861
2024-06-09 23:23:41,12000000000,2024-06-09 23:23:47,25303166136,25000200000,25303166136,25303166136,25303166136,25303166136,25303166136,25303166136,25303166136,25303166136,25303166136,353600000,-49933864,13353600000,-49933864,13353600000,-49933864,13353600000,-49933864,13353600000,-49933864,13353600000,-49933864,13353600000,-49933864,13353600000,-49933864,13353600000,-49933864,13353600000,-49933864,-49933864,22,0.9735202492211839,0.9997678528636472,0.999902647975078,0.13562028875338195
2024-06-09 23:23:41,12000000000,2024-06-09 23:23:48,25303766136,25000300000,25303766136,25303766136,25303766136,25303766136,25303766136,25303766136,25303766136,25303766136,25303766136,353800000,-49933864,13354000000,-49933864,13354000000,-49933864,13354000000,-49933864,13354000000,-49933864,13354000000,-49933864,13354000000,-49933864,13354000000,-49933864,13354000000,-49933864,13354000000,-49933864,-49933864,26,0.9734910888123409,0.9997379062453198,0.9998726973191554,0.1359996963038304
2024-06-09 23:23:41,12000000000,2024-06-09 23:23:49,25304166136,25349900000,25304166136,25304166136,25304166136,25304166136,25304166136,25304166136,25304166136,25304166136,25304166136,5100000,-49933864,13354500000,-49933864,13354500000,-49933864,13354500000,-49933864,13354500000,-49933864,13354500000,-49933864,13354500000,-49933864,13354500000,-49933864,13354500000,-49933864,13354500000,-49933864,-49933864,31,0.973454640757797,0.9997004754951514,0.9998352615223333,0.13647392504177844
2024-06-09 23:23:41,12000000000,2024-06-09 23:23:52,25304766136,25303166136,25000200000,25304766136,25304766136,25304766136,25304766136,25304766136,25304766136,25304766136,25304766136,1700000,0,354700000,-49933864,13354700000,-49933864,13354700000,-49933864,13354700000,-49933864,13354700000,-49933864,13354700000,-49933864,13354700000,-49933864,13354700000,-49933864,13354700000,-49933864,-49933864,32,0.973440062300164,0.9996855039798722,0.9998202879884984,0.13665322641374705
2024-06-09 23:23:41,12000000000,2024-06-09 23:23:53,25324766136,25303766136,25000300000,25324766136,25324766136,25324766136,25324766136,25324766136,25324766136,25324766136,25324766136,21100000,0,374500000,-49933864,13374700000,-49933864,13374700000,-49933864,13374700000,-49933864,13374700000,-49933864,13374700000,-49933864,13374700000,-49933864,13374700000,-49933864,13374700000,-49933864,-49933864,33,0.9719844183420937,0.9996485902487533,0.9998056031163315,0.14767102358056752
2024-06-09 23:23:41,12000000000,2024-06-09 23:23:54,25324966136,25304166136,25349900000,25324966136,25324966136,25324966136,25324966136,25324966136,25324966136,25324966136,25324966136,21210000,0,25810000,-49933864,13375210000,-49933864,13375210000,-49933864,13375210000,-49933864,13375210000,-49933864,13375210000,-49933864,13375210000,-49933864,13375210000,-49933864,13375210000,-49933864,-49933864,36,0.9719473563405734,0.9996104734056512,0.9997674802862908,0.1481320888033999
2024-06-09 23:23:41,12000000000,2024-06-09 23:23:55,25325376136,25304166136,25301466136,25325376136,25325376136,25325376136,25325376136,25325376136,25325376136,25325376136,25325376136,31190000,0,34390000,0,13385690000,-49933864,13385690000,-49933864,13385690000,-49933864,13385690000,-49933864,13385690000,-49933864,13385690000,-49933864,13385690000,-49933864,13385690000,-49933864,-49933864,42,0.9711863938280357,0.9991266793120115,0.9996869791546046,0.15511035284503738
2024-06-09 23:23:41,12000000000,2024-06-09 23:23:56,25340756136,25304166136,25302166136,25340756136,25340756136,25340756136,25340756136,25340756136,25340756136,25340756136,25340756136,333490000,0,335990000,0,13687990000,-49933864,13687990000,-49933864,13687990000,-49933864,13687990000,-49933864,13687990000,-49933864,13687990000,-49933864,13687990000,-49933864,13687990000,-49933864,-49933864,46,0.949737689755764,0.9983934821694056,0.9995989184679416,0.25977887628354857
2024-06-09 23:23:41,12000000000,2024-06-09 23:23:58,25638256136,25324766136,25303766136,25638256136,25638256136,25638256136,25638256136,25638256136,25638256136,25638256136,25638256136,2555671432,-2088219298,2556771432,-2088219298,15910371432,-2138153162,15910371432,-2138153162,15910371432,-2138153162,15910371432,-2138153162,15910371432,-2138153162,15910371432,-2138153162,15910371432,-2138153162,15910371432,-2138153162,-2138153162,50,0.8170770905984969,0.9917795759477401,0.999233833097354,0.665823168193056
2024-06-09 23:23:41,12000000000,2024-06-09 23:23:59,25772718270,25324966136,25304166136,25772718270,25772718270,25772718270,25772718270,25772718270,25772718270,25772718270,25772718270,2536171432,-2088219298,2556871432,-2088219298,15910871432,-2138153162,15910871432,-2138153162,15910871432,-2138153162,15910871432,-2138153162,15910871432,-2138153162,15910871432,-2138153162,15910871432,-2138153162,15910871432,-2138153162,-2138153162,51,0.8170514139064913,0.991748409220632,0.9992024321198096,0.6661594812051322
2024-06-09 23:23:41,12000000000,2024-06-09 23:24:00,25872718270,25325376136,25304166136,25872718270,25872718270,25872718270,25872718270,25872718270,25872718270,25872718270,25872718270,2635661432,-2088219298,2656371432,-2088219298,16010871432,-2138153162,16010871432,-2138153162,16010871432,-2138153162,16010871432,-2138153162,16010871432,-2138153162,16010871432,-2138153162,16010871432,-2138153162,16010871432,-2138153162,-2138153162,52,0.8119483099475556,0.9856166479770906,0.9988951257228482,0.6999275630405637
2024-06-09 23:23:41,12000000000,2024-06-09 23:24:01,25872818270,25340756136,25304166136,25872818270,25872818270,25872818270,25872818270,25872818270,25872818270,25872818270,25872818270,2645281432,-2088219298,2676471432,-2088219298,16030971432,-2138153162,16030971432,-2138153162,16030971432,-2138153162,16030971432,-2138153162,16030971432,-2138153162,16030971432,-2138153162,16030971432,-2138153162,16030971432,-2138153162,-2138153162,54,0.8109302705168716,0.9843808591973294,0.9985783768565324,0.7087198092313699
2024-06-09 23:23:41,12000000000,2024-06-09 23:24:08,25893318270,25872818270,25638256136,25893318270,25893318270,25893318270,25893318270,25893318270,25893318270,25893318270,25893318270,500000,0,2343481432,-2088219298,16031471432,-2138153162,16031471432,-2138153162,16031471432,-2138153162,16031471432,-2138153162,16031471432,-2138153162,16031471432,-2138153162,16031471432,-2138153162,16031471432,-2138153162,-2138153162,55,0.8109049786940355,0.9843501576842656,0.9985472325420165,0.7090524898856649
2024-06-09 23:23:41,12000000000,2024-06-09 23:24:11,25888126157,25872818270,25872818270,25000000000,25888126157,25888126157,25888126157,25888126157,25888126157,25888126157,25888126157,500000,-5192113,20600000,-5192113,16031471432,-2143345275,16031471432,-2143345275,16031471432,-2143345275,16031471432,-2143345275,16031471432,-2143345275,16031471432,-2143345275,16031471432,-2143345275,16031471432,-2143345275,-2143345275,55,0.8109049786940355,0.9843501576842656,0.9985472325420165,0.7090524898856649
2024-06-09 23:23:41,12000000000,2024-06-09 23:24:13,25888026539,25893318270,25872818270,25000300000,25888026539,25888026539,25888026539,25888026539,25888026539,25888026539,25888026539,500000,-5395856,500000,-5395856,3031271432,-2143549018,16031471432,-2143549018,16031471432,-2143549018,16031471432,-2143549018,16031471432,-2143549018,16031471432,-2143549018,16031471432,-2143549018,16031471432,-2143549018,-2143549018,55,0.8109049786940355,0.9843501576842656,0.9985472325420165,0.7090524898856649
2024-06-09 23:23:41,12000000000,2024-06-09 23:24:14,25887714562,25893318270,25872818270,25349900000,25887714562,25887714562,25887714562,25887714562,25887714562,25887714562,25887714562,50000000,-5708205,50500000,-5708205,2732071432,-2143861367,16081471432,-2143861367,16081471432,-2143861367,16081471432,-2143861367,16081471432,-2143861367,16081471432,-2143861367,16081471432,-2143861367,16081471432,-2143861367,-2143861367,56,0.8083837387001614,0.9812896474509621,0.9973080821501284,0.7279027281180848
2024-06-09 23:23:41,12000000000,2024-06-09 23:24:15,26315104228,25893318270,25872818270,25301466136,26315104228,26315104228,26315104228,26315104228,26315104228,26315104228,26315104228,427494163,-5708205,427994163,-5708205,3107665595,-2093927503,16458965595,-2143861367,16458965595,-2143861367,16458965595,-2143861367,16458965595,-2143861367,16458965595,-2143861367,16458965595,-2143861367,16458965595,-2143861367,-2143861367,57,0.7898430751899266,0.9756430622759316,0.9961546793670177,0.820461384119442
2024-06-09 23:23:41,12000000000,2024-06-09 23:24:16,26314996670,25888126157,25872818270,25302166136,26314996670,26314996670,26314996670,26314996670,26314996670,26314996670,26314996670,427494163,-5923318,427994163,-5923318,3106965595,-2094142616,16458965595,-2144076480,16458965595,-2144076480,16458965595,-2144076480,16458965595,-2144076480,16458965595,-2144076480,16458965595,-2144076480,16458965595,-2144076480,-2144076480,57,0.7898430751899266,0.9756430622759316,0.9961546793670177,0.820461384119442
2024-06-09 23:23:41,12000000000,2024-06-09 23:24:17,26814889115,25888126157,25872818270,25303166136,26814889115,26814889115,26814889115,26814889115,26814889115,26814889115,26814889115,927594163,-1154429,928094163,-6346542,3606065595,-2094565840,16959065595,-2144499704,16959065595,-2144499704,16959065595,-2144499704,16959065595,-2144499704,16959065595,-2144499704,16959065595,-2144499704,16959065595,-2144499704,-2144499704,59,0.7665516668461237,0.9588426616967749,0.9939271418331935,0.9292833600690019
2024-06-09 23:23:41,12000000000,2024-06-09 23:24:18,26834565891,25888026539,25893318270,25303766136,26834565891,26834565891,26834565891,26834565891,26834565891,26834565891,26834565891,947594163,-1266297,948094163,-6458410,3625465595,-2094677708,16979065595,-2144611572,16979065595,-2144611572,16979065595,-2144611572,16979065595,-2144611572,16979065595,-2144611572,16979065595,-2144611572,16979065595,-2144611572,-2144611572,60,0.7656487294464687,0.9577132206726715,0.9927563740588753,0.9373098696138462
2024-06-09 23:23:41,12000000000,2024-06-09 23:24:19,26834342159,25887714562,25893318270,25304166136,26834342159,26834342159,26834342159,26834342159,26834342159,26834342159,26834342159,947594163,-324712289,947594163,-330108145,3625065595,-2418327443,16979065595,-2468261307,16979065595,-2468261307,16979065595,-2468261307,16979065595,-2468261307,16979065595,-2468261307,16979065595,-2468261307,16979065595,-2468261307,-2468261307,60,0.7656487294464687,0.9577132206726715,0.9927563740588753,0.9373098696138462
2024-06-09 23:23:41,12000000000,2024-06-09 23:24:22,26510695131,26814889115,25888126157,25304766136,26510695131,26510695131,26510695131,26510695131,26510695131,26510695131,26510695131,520100000,-324293984,947594163,-325025189,3624565595,-2418436600,16979065595,-2468370464,16979065595,-2468370464,16979065595,-2468370464,16979065595,-2468370464,16979065595,-2468370464,16979065595,-2468370464,16979065595,-2468370464,-2468370464,60,0.7656487294464687,0.9577132206726715,0.9927563740588753,0.9373098696138462
2024-06-09 23:23:41,12000000000,2024-06-09 23:24:23,26520695131,26834565891,25888026539,25324766136,26520695131,26520695131,26520695131,26520695131,26520695131,26520695131,26520695131,30150000,-363492511,957744163,-364646940,3634515595,-2458058351,16989215595,-2507992215,16989215595,-2507992215,16989215595,-2507992215,16989215595,-2507992215,16989215595,-2507992215,16989215595,-2507992215,16989215595,-2507992215,-2507992215,63,0.765191301935444,0.957141046569902,0.9921632638507935,0.9418337589698322
2024-06-09 23:23:41,12000000000,2024-06-09 23:24:24,26481126342,26834342159,25887714562,25324966136,26481126342,26481126342,26481126342,26481126342,26481126342,26481126342,26481126342,50150000,-363586946,997744163,-364649500,3654515595,-2458264654,17029215595,-2508198518,17029215595,-2508198518,17029215595,-2508198518,17029215595,-2508198518,17029215595,-2508198518,17029215595,-2508198518,17029215595,-2508198518,-2508198518,64,0.7633939406943071,0.9548928137226981,0.9898327671621683,0.9561874374287788
2024-06-09 23:23:41,12000000000,2024-06-09 23:24:25,26520907814,26834342159,26315104228,25325376136,26520907814,26520907814,26520907814,26520907814,26520907814,26520907814,26520907814,50150000,-40046474,947744163,-364446414,3654005595,-2458373917,17029215595,-2508307781,17029215595,-2508307781,17029215595,-2508307781,17029215595,-2508307781,17029215595,-2508307781,17029215595,-2508307781,17029215595,-2508307781,-2508307781,64,0.7633939406943071,0.9548928137226981,0.9898327671621683,0.9561874374287788
2024-06-09 23:23:41,12000000000,2024-06-09 23:24:26,26620907814,26834342159,26314996670,25340756136,26620907814,26620907814,26620907814,26620907814,26620907814,26620907814,26620907814,150150000,-40046474,670250000,-364446414,3743525595,-2458373917,17129215595,-2508307781,17129215595,-2508307781,17129215595,-2508307781,17129215595,-2508307781,17129215595,-2508307781,17129215595,-2508307781,17129215595,-2508307781,-2508307781,65,0.7589372629412573,0.9493181695807827,0.9870315135700175,0.9864530293372564
2024-06-09 23:23:41,12000000000,2024-06-09 23:24:27,26620797749,26510695131,26814889115,25340756136,26620797749,26620797749,26620797749,26620797749,26620797749,26620797749,26620797749,150150000,-40266603,670250000,-364451430,3441225595,-2458594046,17129215595,-2508527910,17129215595,-2508527910,17129215595,-2508527910,17129215595,-2508527910,17129215595,-2508527910,17129215595,-2508527910,17129215595,-2508527910,-2508527910,65,0.7589372629412573,0.9493181695807827,0.9870315135700175,0.9864530293372564
2024-06-09 23:23:41,12000000000,2024-06-09 23:24:28,26620577607,26520695131,26834565891,25638256136,26620577607,26620577607,26620577607,26620577607,26620577607,26620577607,26620577607,150150000,-40267524,170150000,-364138284,3441225595,-2458704124,17129215595,-2508637988,17129215595,-2508637988,17129215595,-2508637988,17129215595,-2508637988,17129215595,-2508637988,17129215595,-2508637988,17129215595,-2508637988,-2508637988,65,0.7589372629412573,0.9493181695807827,0.9870315135700175,0.9864530293372564
2024-06-09 23:23:41,12000000000,2024-06-09 23:24:29,26870577607,26481126342,26834342159,25772718270,26870577607,26870577607,26870577607,26870577607,26870577607,26870577607,26870577607,390000000,-6462347,400150000,-369842990,1468844163,-376301400,17379215595,-2514454562,17379215595,-2514454562,17379215595,-2514454562,17379215595,-2514454562,17379215595,-2514454562,17379215595,-2514454562,17379215595,-2514454562,-2514454562,66,0.748019951127144,0.9356622286035919,0.9843410654230969,1.0475589097634688
2024-06-09 23:23:41,12000000000,2024-06-09 23:24:30,26864637943,26520907814,26834342159,25872718270,26864637943,26864637943,26864637943,26864637943,26864637943,26864637943,26864637943,350000000,-6379134,400150000,-46316345,1468344163,-376424490,17379215595,-2514577652,17379215595,-2514577652,17379215595,-2514577652,17379215595,-2514577652,17379215595,-2514577652,17379215595,-2514577652,17379215595,-2514577652,-2514577652,66,0.748019951127144,0.9356622286035919,0.9843410654230969,1.0475589097634688
2024-06-09 23:23:41,12000000000,2024-06-09 23:24:31,26865137943,26620907814,26834342159,25872818270,26865137943,26865137943,26865137943,26865137943,26865137943,26865137943,26865137943,350500000,-6269871,400650000,-46316345,1368844163,-376424490,17379715595,-2514577652,17379715595,-2514577652,17379715595,-2514577652,17379715595,-2514577652,17379715595,-2514577652,17379715595,-2514577652,17379715595,-2514577652,-2514577652,67,0.747998431213684,0.935635310377471,0.9843127467472231,1.0478583574979252
2024-06-09 23:23:41,12000000000,2024-06-09 23:24:33,26875137943,26620577607,26520695131,25872818270,26875137943,26875137943,26875137943,26875137943,26875137943,26875137943,26875137943,260500000,-6049742,410650000,-46207188,1358744163,-376424490,17389715595,-2514577652,17389715595,-2514577652,17389715595,-2514577652,17389715595,-2514577652,17389715595,-2514577652,17389715595,-2514577652,17389715595,-2514577652,-2514577652,68,0.74756829282118,0.935097270922331,0.9837467152090017,1.0521211662714876
2024-06-09 23:23:41,12000000000,2024-06-09 23:24:42,27375137943,26875137943,26865137943,25888126157,25000200000,27375137943,27375137943,27375137943,27375137943,27375137943,27375137943,521292291,0,531292291,0,1879536454,-371232377,4911007886,-2514577652,17911007886,-2514577652,17911007886,-2514577652,17911007886,-2514577652,17911007886,-2514577652,17911007886,-2514577652,17911007886,-2514577652,-2514577652,71,0.7258106345964679,0.9190479787497984,0.9775036506284525,1.1583840505013174
2024-06-09 23:23:41,12000000000,2024-06-09 23:24:46,27406430234,26875137943,26875137943,26314996670,25302166136,27406430234,27406430234,27406430234,27406430234,27406430234,27406430234,650092291,0,650092291,0,1580842291,-370716285,4687807886,-2464643788,18039807886,-2514577652,18039807886,-2514577652,18039807886,-2514577652,18039807886,-2514577652,18039807886,-2514577652,18039807886,-2514577652,-2514577652,74,0.720628516786412,0.9124861915949121,0.9705245036776331,1.1974289957991846
2024-06-09 23:23:41,12000000000,2024-06-09 23:24:49,27577392639,27375137943,26875137943,26834342159,25304166136,27577392639,27577392639,27577392639,27577392639,27577392639,27577392639,180962405,0,702254696,0,1112904696,-369966080,4737970291,-2464643788,18091970291,-2514577652,18091970291,-2514577652,18091970291,-2514577652,18091970291,-2514577652,18091970291,-2514577652,18091970291,-2514577652,-2514577652,75,0.7185508151352071,0.9098553297530394,0.9677263069412367,1.2137189319042208
2024-06-09 23:23:41,12000000000,2024-06-09 23:24:56,27677392639,27577392639,27406430234,26620907814,25340756136,27677392639,27677392639,27677392639,27677392639,27677392639,27677392639,100000000,0,280962405,0,1162754696,-6269871,4806280291,-2464643788,18191970291,-2514577652,18191970291,-2514577652,18191970291,-2514577652,18191970291,-2514577652,18191970291,-2514577652,18191970291,-2514577652,-2514577652,76,0.7146009910994308,0.9048539180576656,0.9624067824946736,1.2411326362472004
2024-06-09 23:23:41,12000000000,2024-06-09 23:24:57,27322146639,27577392639,27406430234,26620797749,25340756136,27322146639,27322146639,27322146639,27322146639,27322146639,27322146639,100000000,-355246000,152162405,-355246000,1062754696,-361515871,4503980291,-2819889788,18191970291,-2869823652,18191970291,-2869823652,18191970291,-2869823652,18191970291,-2869823652,18191970291,-2869823652,18191970291,-2869823652,-2869823652,76,0.7146009910994308,0.9048539180576656,0.9624067824946736,1.2411326362472004
2024-06-09 23:23:41,12000000000,2024-06-09 23:24:58,27422146639,27577392639,27406430234,26620577607,25638256136,27422146639,27422146639,27422146639,27422146639,27422146639,27422146639,200000000,-355246000,252162405,-355246000,1162754696,-361295742,4603980291,-2819889788,18291970291,-2869823652,18291970291,-2869823652,18291970291,-2869823652,18291970291,-2869823652,18291970291,-2869823652,18291970291,-2869823652,-2869823652,77,0.7106943534888776,0.8999071905938513,0.957145420447917,1.2682766569556816
2024-06-09 23:23:41,12000000000,2024-06-09 23:24:59,27522146639,27577392639,27577392639,26870577607,25772718270,27522146639,27522146639,27522146639,27522146639,27522146639,27522146639,350000000,-355246000,402162405,-355246000,1312754696,-361185664,2531598859,-731670490,18441970291,-2869823652,18441970291,-2869823652,18441970291,-2869823652,18441970291,-2869823652,18441970291,-2869823652,18441970291,-2869823652,-2869823652,79,0.7049138348489925,0.8925876864162009,0.949360362192116,1.3103755373419528
2024-06-09 23:23:41,12000000000,2024-06-09 23:25:00,27632146639,27577392639,27577392639,26864637943,25872718270,27632146639,27632146639,27632146639,27632146639,27632146639,27632146639,410000000,-355246000,410000000,-355246000,1122754696,-355369090,2591098859,-731670490,18501970291,-2869823652,18501970291,-2869823652,18501970291,-2869823652,18501970291,-2869823652,18501970291,-2869823652,18501970291,-2869823652,-2869823652,80,0.7026278712772364,0.8896931157114243,0.9462816834981371,1.3279497387431023
2024-06-09 23:23:41,12000000000,2024-06-09 23:25:01,27633146639,27677392639,27577392639,26865137943,25872818270,27633146639,27633146639,27633146639,27633146639,27633146639,27633146639,411000000,-355246000,411000000,-355246000,1123754696,-355246000,2492098859,-731670490,18502970291,-2869823652,18502970291,-2869823652,18502970291,-2869823652,18502970291,-2869823652,18502970291,-2869823652,18502970291,-2869823652,-2869823652,81,0.7025898974892323,0.8896450319118118,0.94623054134806,1.3284630460469113
2024-06-09 23:23:41,12000000000,2024-06-09 23:25:02,27633081838,27322146639,27577392639,26865137943,25872818270,27633081838,27633081838,27633081838,27633081838,27633081838,27633081838,311000000,-454725469,411000000,-454725469,1123254696,-454725469,2471998859,-831149959,18502970291,-2969303121,18502970291,-2969303121,18502970291,-2969303121,18502970291,-2969303121,18502970291,-2969303121,18502970291,-2969303121,-2969303121,81,0.7025898974892323,0.8896450319118118,0.94623054134806,1.3284630460469113
2024-06-09 23:23:41,12000000000,2024-06-09 23:25:04,27543667170,27522146639,27577392639,26875137943,25872818270,27543667170,27543667170,27543667170,27543667170,27543667170,27543667170,281000000,-99479469,481000000,-454725469,1183254696,-454725469,2541998859,-831149959,18572970291,-2969303121,18572970291,-2969303121,18572970291,-2969303121,18572970291,-2969303121,18572970291,-2969303121,18572970291,-2969303121,-2969303121,84,0.699941893855259,0.8862920328352989,0.9426642761327185,1.3512534253634507
2024-06-09 23:23:41,12000000000,2024-06-09 23:25:08,27613567170,27633081838,27422146639,26875137943,25893318270,27613567170,27613567170,27613567170,27613567170,27613567170,27613567170,79900000,0,390900000,-99479469,1193154696,-454725469,2551898859,-831149959,18582870291,-2969303121,18582870291,-2969303121,18582870291,-2969303121,18582870291,-2969303121,18582870291,-2969303121,18582870291,-2969303121,-2969303121,85,0.6995690007208478,0.8858198619064989,0.9421620729645548,1.3550817260290111
2024-06-09 23:23:41,12000000000,2024-06-09 23:25:09,27713567170,27543667170,27522146639,26875137943,25893318270,27713567170,27713567170,27713567170,27713567170,27713567170,27713567170,179900000,0,390900000,-99479469,1293154696,-454725469,2651398859,-831149959,18682870291,-2969303121,18682870291,-2969303121,18682870291,-2969303121,18682870291,-2969303121,18682870291,-2969303121,18682870291,-2969303121,-2969303121,86,0.6958245600121958,0.8810785140937207,0.93711915365778,1.3811613879434146
2024-06-09 23:23:41,12000000000,2024-06-09 23:25:14,27813567170,27713567170,27543667170,27375137943,25887714562,27813567170,27813567170,27813567170,27813567170,27813567170,27813567170,200000000,0,279900000,0,871862405,-454725469,2751398859,-825754103,18782870291,-2969303121,18782870291,-2969303121,18782870291,-2969303121,18782870291,-2969303121,18782870291,-2969303121,18782870291,-2969303121,-2969303121,87,0.6921199901076397,0.8763876521517315,0.932129931355016,1.4069918504493653
2024-06-09 23:23:41,12000000000,2024-06-09 23:25:18,28018442230,27713567170,27613567170,27406430234,26834565891,28018442230,28018442230,28018442230,28018442230,28018442230,28018442230,552375060,0,662275060,0,1195437465,-454725469,2276179756,-824803417,19235245351,-2969303121,19235245351,-2969303121,19235245351,-2969303121,19235245351,-2969303121,19235245351,-2969303121,19235245351,-2969303121,-2969303121,89,0.6758426920363746,0.8557767418414668,0.923328521727261,1.501530687858887
2024-06-09 23:23:41,12000000000,2024-06-09 23:25:19,27990861543,27813567170,27713567170,27577392639,26834342159,27990861543,27990861543,27990861543,27990861543,27990861543,27990861543,562375060,-275080687,662375060,-275080687,1205437465,-729806156,2266179756,-1099772236,19245245351,-3244383808,19245245351,-3244383808,19245245351,-3244383808,19245245351,-3244383808,19245245351,-3244383808,19245245351,-3244383808,-3244383808,90,0.6754915181855299,0.8553320726641018,0.922848752046549,1.5051994608754877
2024-06-09 23:23:41,12000000000,2024-06-09 23:25:24,28100861543,27990861543,27813567170,27577392639,26481126342,28100861543,28100861543,28100861543,28100861543,28100861543,28100861543,110000000,-275080687,662375060,-275080687,1253275060,-729806156,2356029756,-736391593,19345245351,-3244383808,19345245351,-3244383808,19345245351,-3244383808,19345245351,-3244383808,19345245351,-3244383808,19345245351,-3244383808,-3244383808,91,0.6719997479550188,0.8509106654545008,0.91807833567135,1.52979073970055
2024-06-09 23:23:41,12000000000,2024-06-09 23:25:26,28451051527,27990861543,27813567170,27677392639,26620907814,28451051527,28451051527,28451051527,28451051527,28451051527,28451051527,450189984,-25092566,912565044,-300173253,1603465044,-754898722,2666219740,-761168593,19695435335,-3269476374,19695435335,-3269476374,19695435335,-3269476374,19695435335,-3269476374,19695435335,-3269476374,19695435335,-3269476374,-3269476374,92,0.660051416934065,0.8357812515952697,0.9091327647467813,1.5918604281809785
2024-06-09 23:23:41,12000000000,2024-06-09 23:25:27,28625958961,27990861543,27813567170,27322146639,26620797749,28625958961,28625958961,28625958961,28625958961,28625958961,28625958961,650189984,-25092566,1112565044,-300173253,1703465044,-754898722,2766219740,-761168593,19895435335,-3269476374,19895435335,-3269476374,19895435335,-3269476374,19895435335,-3269476374,19895435335,-3269476374,19895435335,-3269476374,-3269476374,93,0.6534162123675893,0.8273795128293432,0.8999936557055489,1.6321010616335854
2024-06-09 23:23:41,12000000000,2024-06-09 23:25:28,28625854665,27990861543,28018442230,27422146639,26620577607,28625854665,28625854665,28625854665,28625854665,28625854665,28625854665,650189984,-25196862,1112565044,-300277549,1703465044,-399757018,2766219740,-761052760,19895435335,-3269580670,19895435335,-3269580670,19895435335,-3269580670,19895435335,-3269580670,19895435335,-3269580670,19895435335,-3269580670,-3269580670,93,0.6534162123675893,0.8273795128293432,0.8999936557055489,1.6321010616335854
2024-06-09 23:23:41,12000000000,2024-06-09 23:25:30,28656716576,28100861543,27990861543,27632146639,26864637943,28656716576,28656716576,28656716576,28656716576,28656716576,28656716576,581051895,-25196862,681051895,-25196862,1484326955,-399757018,2547081651,-755126108,19926297246,-3269580670,19926297246,-3269580670,19926297246,-3269580670,19926297246,-3269580670,19926297246,-3269580670,19926297246,-3269580670,-3269580670,94,0.6524041993105175,0.8260980648727597,0.8985997427391784,1.6411420401799541
2024-06-09 23:23:41,12000000000,2024-06-09 23:25:31,28596028139,28451051527,27990861543,27633146639,26865137943,28596028139,28596028139,28596028139,28596028139,28596028139,28596028139,581051895,-85885299,681051895,-85885299,1424326955,-460445455,2547081651,-815691455,19926297246,-3330269107,19926297246,-3330269107,19926297246,-3330269107,19926297246,-3330269107,19926297246,-3330269107,19926297246,-3330269107,-3330269107,94,0.6524041993105175,0.8260980648727597,0.8985997427391784,1.6411420401799541
2024-06-09 23:23:41,12000000000,2024-06-09 23:25:32,28571769058,28625958961,27990861543,27633081838,26865137943,28571769058,28571769058,28571769058,28571769058,28571769058,28571769058,617429076,-209583977,1067619060,-234676543,1809894120,-609236699,2933148816,-964482699,20312864411,-3479060351,20312864411,-3479060351,20312864411,-3479060351,20312864411,-3479060351,20312864411,-3479060351,20312864411,-3479060351,-3479060351,96,0.63998851845632,0.8103768755570412,0.8834220709060784,1.7150317095125658
2024-06-09 23:23:41,12000000000,2024-06-09 23:25:36,28832431513,28596028139,28451051527,27543667170,26875137943,28832431513,28832431513,28832431513,28832431513,28832431513,28832431513,386567165,-210852228,967619060,-236049090,1739894120,-511129777,2923148816,-965855246,20312864411,-3480432898,20312864411,-3480432898,20312864411,-3480432898,20312864411,-3480432898,20312864411,-3480432898,20312864411,-3480432898,-3480432898,96,0.63998851845632,0.8103768755570412,0.8834220709060784,1.7150317095125658
2024-06-09 23:23:41,12000000000,2024-06-09 23:25:37,28882431513,28571769058,28625958961,27543667170,26875137943,28882431513,28882431513,28882431513,28882431513,28882431513,28882431513,436567165,-150163791,667429076,-210956524,1789894120,-511129777,2973148816,-965855246,20362864411,-3480432898,20362864411,-3480432898,20362864411,-3480432898,20362864411,-3480432898,20362864411,-3480432898,20362864411,-3480432898,-3480432898,97,0.6384170585046676,0.8083870354756054,0.8812528719832864,1.7280288610820451
2024-06-09 23:23:41,12000000000,2024-06-09 23:25:38,28932431513,28571769058,28625854665,27613567170,26875137943,28932431513,28932431513,28932431513,28932431513,28932431513,28932431513,100000000,-1372547,517429076,-210956524,1839894120,-511129777,3023148816,-965855246,20412864411,-3480432898,20412864411,-3480432898,20412864411,-3480432898,20412864411,-3480432898,20412864411,-3480432898,20412864411,-3480432898,-3480432898,98,0.636853296933409,0.8064069433650636,0.8790942996873071,1.740968355749552
2024-06-09 23:23:41,12000000000,2024-06-09 23:25:44,29132431513,28932431513,28571769058,27813567170,27375137943,25349900000,29132431513,29132431513,29132431513,29132431513,29132431513,200000000,0,300000000,-1372547,1929994120,-511129777,2701856525,-965855246,7263464411,-3480432898,20612864411,-3480432898,20612864411,-3480432898,20612864411,-3480432898,20612864411,-3480432898,20612864411,-3480432898,-3480432898,99,0.6306741140286444,0.7985826359103971,0.8705647301703391,1.7787070973407733
2024-06-09 23:23:41,12000000000,2024-06-09 23:25:46,29147431513,28932431513,28832431513,27813567170,27406430234,25302166136,29147431513,29147431513,29147431513,29147431513,29147431513,315000000,0,415000000,-1372547,1944994120,-511129777,2816856525,-965855246,7375864411,-3430499034,20727864411,-3480432898,20727864411,-3480432898,20727864411,-3480432898,20727864411,-3480432898,20727864411,-3480432898,-3480432898,101,0.6271750790255591,0.7941520297799868,0.8657347611014339,1.8053380722165828
2024-06-09 23:23:41,12000000000,2024-06-09 23:25:51,29287431513,29147431513,28932431513,27990861543,27577392639,25304166136,29287431513,29287431513,29287431513,29287431513,29287431513,155000000,0,355000000,0,1522619060,-236049090,2675894120,-965855246,7413364411,-3430499034,20767864411,-3480432898,20767864411,-3480432898,20767864411,-3480432898,20767864411,-3480432898,20767864411,-3480432898,-3480432898,102,0.625967106811154,0.7926224511693727,0.8640673103824416,1.8158273181234985
2024-06-09 23:23:41,12000000000,2024-06-09 23:25:52,29292381513,29147431513,28932431513,27990861543,27577392639,25304766136,29292381513,29292381513,29292381513,29292381513,29292381513,44950000,0,359950000,0,1527569060,-236049090,2680844120,-965855246,7418314411,-3430499034,20772814411,-3480432898,20772814411,-3480432898,20772814411,-3480432898,20772814411,-3480432898,20772814411,-3480432898,-3480432898,103,0.6258179437214826,0.7924335754082139,0.8638614098673854,1.8176207211622115
2024-06-09 23:23:41,12000000000,2024-06-09 23:25:54,274311,29147431513,29132431513,28100861543,27577392639,25324966136,274311,274311,274311,274311,274311,44950000,-29288026563,359950000,-29288026563,1527569060,-29524075653,2680844120,-30253881809,7398114411,-32718525597,20772814411,-32768459461,20772814411,-32768459461,20772814411,-32768459461,20772814411,-32768459461,20772814411,-32768459461,-32768459461,103,0.6258179437214826,0.7924335754082139,0.8638614098673854,1.8176207211622115
